user_id,ip_address,social_media_handle,user_email,user_registration_id,username,user_registration_email,first_name,last_name,payment_detail_id,plan_id,start_date,end_date,payment_frequency_code,cost_amount,english_description,french_description,payment_method_code,payment_method_value,payment_method_expiry
2,172.18.54.245,jrodriguez,jrodriguez@example.com,1,jrodriguez,jrodriguez@example.com,Jason,Rodriguez,1,2,2024-03-02T00:00:00.000-06:00,9999-01-01T00:00:00.000-06:00,ANNUALLY,9.99,Annually,Annuel,CREDIT_CARD,4759339924109,12/26
5,172.31.71.19,mwallace,mwallace@example.com,2,mwallace,mwallace@example.com,Michael,Wallace,2,3,2024-03-31T00:00:00.000-06:00,2024-10-06T00:00:00.000-06:00,ONETIME,14.99,Onetime,Une fois,MOBILE_PHONE_PLATFORM,GooglePay,07/25
6,172.24.221.226,,ehayes@example.net,3,ehayes,ehayes@example.net,Eileen,Hayes,3,1,2024-12-11T00:00:00.000-06:00,9999-01-01T00:00:00.000-06:00,MONTHLY,1.99,Monthly,Mensuel,MOBILE_PHONE_PLATFORM,SamsungPay,05/25
7,172.26.209.141,droberson,droberson@example.com,4,droberson,droberson@example.com,Deborah,Roberson,4,2,2024-05-15T00:00:00.000-06:00,2024-11-24T00:00:00.000-06:00,ANNUALLY,9.99,Annually,Annuel,PAYPAL,droberson@example.com,01/25
8,192.168.185.176,,bvalenzuela@example.com,5,bvalenzuela,bvalenzuela@example.com,Brian,Valenzuela,5,1,2024-11-01T00:00:00.000-06:00,9999-01-01T00:00:00.000-06:00,MONTHLY,1.99,Monthly,Mensuel,MOBILE_PHONE_PLATFORM,GooglePay,04/26
10,172.21.154.6,chaynes,chaynes@example.com,6,chaynes,chaynes@example.com,Catherine,Haynes,6,3,2024-03-14T00:00:00.000-06:00,9999-01-01T00:00:00.000-06:00,ONETIME,14.99,Onetime,Une fois,MOBILE_PHONE_PLATFORM,SamsungPay,12/26
11,192.168.57.86,,btran@example.net,7,btran,btran@example.net,Beth,Tran,7,1,2024-07-30T00:00:00.000-06:00,9999-01-01T00:00:00.000-06:00,MONTHLY,1.99,Monthly,Mensuel,MOBILE_PHONE_PLATFORM,SamsungPay,03/27
18,172.22.243.15,,jward@example.org,8,jward,jward@example.org,Jennifer,Ward,8,1,2024-01-11T00:00:00.000-06:00,9999-01-01T00:00:00.000-06:00,MONTHLY,1.99,Monthly,Mensuel,PAYPAL,jward@example.org,10/25
19,172.23.215.121,,dwhite@example.com,9,dwhite,dwhite@example.com,Daisy,White,9,2,2024-02-14T00:00:00.000-06:00,2024-12-16T00:00:00.000-06:00,ANNUALLY,9.99,Annually,Annuel,MOBILE_PHONE_PLATFORM,SamsungPay,10/25
23,172.27.112.177,agreene,agreene@example.com,10,agreene,agreene@example.com,Amanda,Greene,10,1,2024-07-09T00:00:00.000-06:00,9999-01-01T00:00:00.000-06:00,MONTHLY,1.99,Monthly,Mensuel,MOBILE_PHONE_PLATFORM,SamsungPay,02/27
24,10.246.109.73,,skelley@example.net,11,skelley,skelley@example.net,Susan,Kelley,11,3,2024-11-10T00:00:00.000-06:00,9999-01-01T00:00:00.000-06:00,ONETIME,14.99,Onetime,Une fois,CREDIT_CARD,2457894019477215,05/25
25,10.17.103.231,,dandrade@example.org,12,dandrade,dandrade@example.org,David,Andrade,12,2,2024-01-27T00:00:00.000-06:00,9999-01-01T00:00:00.000-06:00,ANNUALLY,9.99,Annually,Annuel,CREDIT_CARD,4580187525768,07/26
26,192.168.26.194,,jsmith@example.net,13,jsmith,jsmith@example.net,James,Smith,13,3,2024-12-18T00:00:00.000-06:00,9999-01-01T00:00:00.000-06:00,ONETIME,14.99,Onetime,Une fois,MOBILE_PHONE_PLATFORM,ApplePay,08/26
29,192.168.8.10,cvance,cvance@example.net,14,cvance,cvance@example.net,Chelsea,Vance,14,2,2024-06-16T00:00:00.000-06:00,9999-01-01T00:00:00.000-06:00,ANNUALLY,9.99,Annually,Annuel,MOBILE_PHONE_PLATFORM,SamsungPay,01/25
30,172.30.70.134,mschmidt,mschmidt@example.net,15,mschmidt,mschmidt@example.net,Mary,Schmidt,15,2,2024-09-07T00:00:00.000-06:00,9999-01-01T00:00:00.000-06:00,ANNUALLY,9.99,Annually,Annuel,MOBILE_PHONE_PLATFORM,GooglePay,01/26
31,172.17.69.142,tmiller,tmiller@example.com,16,tmiller,tmiller@example.com,Thomas,Miller,16,2,2024-01-14T00:00:00.000-06:00,9999-01-01T00:00:00.000-06:00,ANNUALLY,9.99,Annually,Annuel,MOBILE_PHONE_PLATFORM,GooglePay,08/26
32,10.163.33.222,khodge,khodge@example.net,17,khodge,khodge@example.net,Kayla,Hodge,17,3,2024-09-23T00:00:00.000-06:00,9999-01-01T00:00:00.000-06:00,ONETIME,14.99,Onetime,Une fois,MOBILE_PHONE_PLATFORM,SamsungPay,09/25
34,172.28.40.236,lrich,lrich@example.com,18,lrich,lrich@example.com,Lisa,Rich,18,1,2024-05-18T00:00:00.000-06:00,9999-01-01T00:00:00.000-06:00,MONTHLY,1.99,Monthly,Mensuel,MOBILE_PHONE_PLATFORM,GooglePay,02/25
37,172.30.72.246,rvega,rvega@example.com,19,rvega,rvega@example.com,Rachel,Vega,19,2,2024-05-09T00:00:00.000-06:00,9999-01-01T00:00:00.000-06:00,ANNUALLY,9.99,Annually,Annuel,MOBILE_PHONE_PLATFORM,ApplePay,12/26
47,192.168.107.110,,jbennett@example.net,20,jbennett,jbennett@example.net,Jared,Bennett,20,2,2024-07-09T00:00:00.000-06:00,9999-01-01T00:00:00.000-06:00,ANNUALLY,9.99,Annually,Annuel,MOBILE_PHONE_PLATFORM,ApplePay,07/25
49,10.215.38.206,abrown,abrown@example.net,21,abrown,abrown@example.net,Ann,Brown,21,2,2024-01-09T00:00:00.000-06:00,2024-09-01T00:00:00.000-06:00,ANNUALLY,9.99,Annually,Annuel,CREDIT_CARD,3511890977854934,09/26
50,192.168.134.203,rmay,rmay@example.org,22,rmay,rmay@example.org,Robert,May,22,1,2024-02-21T00:00:00.000-06:00,9999-01-01T00:00:00.000-06:00,MONTHLY,1.99,Monthly,Mensuel,CREDIT_CARD,2720201947623988,01/26
51,192.168.107.236,,creilly@example.net,23,creilly,creilly@example.net,Christian,Reilly,23,3,2024-04-26T00:00:00.000-06:00,9999-01-01T00:00:00.000-06:00,ONETIME,14.99,Onetime,Une fois,MOBILE_PHONE_PLATFORM,GooglePay,03/27
54,10.204.219.184,,jthompson@example.org,24,jthompson,jthompson@example.org,Janet,Thompson,24,3,2024-01-12T00:00:00.000-06:00,2024-07-30T00:00:00.000-06:00,ONETIME,14.99,Onetime,Une fois,MOBILE_PHONE_PLATFORM,ApplePay,11/25
55,10.211.117.58,pallison,pallison@example.com,25,pallison,pallison@example.com,Patrick,Allison,25,2,2024-07-14T00:00:00.000-06:00,9999-01-01T00:00:00.000-06:00,ANNUALLY,9.99,Annually,Annuel,MOBILE_PHONE_PLATFORM,SamsungPay,05/26
58,192.168.80.151,bfranklin,bfranklin@example.com,26,bfranklin,bfranklin@example.com,Brittney,Franklin,26,1,2024-05-29T00:00:00.000-06:00,2024-11-14T00:00:00.000-06:00,MONTHLY,1.99,Monthly,Mensuel,PAYPAL,bfranklin@example.com,10/25
62,172.27.7.129,cgallagher,cgallagher@example.net,27,cgallagher,cgallagher@example.net,Christina,Gallagher,27,3,2024-05-08T00:00:00.000-06:00,9999-01-01T00:00:00.000-06:00,ONETIME,14.99,Onetime,Une fois,MOBILE_PHONE_PLATFORM,SamsungPay,10/98
65,192.168.121.60,,bbutler@example.org,28,bbutler,bbutler@example.org,Brooke,Butler,28,2,2024-11-29T00:00:00.000-06:00,9999-01-01T00:00:00.000-06:00,ANNUALLY,9.99,Annually,Annuel,MOBILE_PHONE_PLATFORM,SamsungPay,12/26
70,172.24.163.185,,thorne@example.org,29,thorne,thorne@example.org,Teresa,Horne,29,2,2024-06-13T00:00:00.000-06:00,9999-01-01T00:00:00.000-06:00,ANNUALLY,9.99,Annually,Annuel,MOBILE_PHONE_PLATFORM,SamsungPay,03/27
73,172.17.203.27,,bperkins@example.com,30,bperkins,bperkins@example.com,Brent,Perkins,30,1,2024-01-25T00:00:00.000-06:00,9999-01-01T00:00:00.000-06:00,MONTHLY,1.99,Monthly,Mensuel,CREDIT_CARD,676352429069,12/25
78,10.142.117.61,zroberts,zroberts@example.net,31,zroberts,zroberts@example.net,Zachary,Roberts,31,1,2024-10-06T00:00:00.000-06:00,2024-12-05T00:00:00.000-06:00,MONTHLY,1.99,Monthly,Mensuel,PAYPAL,zroberts@example.net,02/25
79,192.168.52.22,,cgardner@example.com,32,cgardner,cgardner@example.com,Christine,Gardner,32,3,2024-03-30T00:00:00.000-06:00,9999-01-01T00:00:00.000-06:00,ONETIME,14.99,Onetime,Une fois,MOBILE_PHONE_PLATFORM,ApplePay,12/26
81,172.23.82.199,,sadams@example.com,33,sadams,sadams@example.com,Sean,Adams,33,3,2024-06-12T00:00:00.000-06:00,9999-01-01T00:00:00.000-06:00,ONETIME,14.99,Onetime,Une fois,MOBILE_PHONE_PLATFORM,SamsungPay,01/25
83,192.168.56.251,rjackson,rjackson@example.net,34,rjackson,rjackson@example.net,Ryan,Jackson,34,3,2024-01-14T00:00:00.000-06:00,9999-01-01T00:00:00.000-06:00,ONETIME,14.99,Onetime,Une fois,MOBILE_PHONE_PLATFORM,SamsungPay,03/27
84,192.168.191.90,,awalker@example.com,35,awalker,awalker@example.com,Angela,Walker,35,3,2024-09-06T00:00:00.000-06:00,9999-01-01T00:00:00.000-06:00,ONETIME,14.99,Onetime,Une fois,CREDIT_CARD,4893297476407451,07/26
85,172.17.183.180,dyoung,dyoung@example.net,36,dyoung,dyoung@example.net,Daniel,Young,36,1,2024-12-04T00:00:00.000-06:00,9999-01-01T00:00:00.000-06:00,MONTHLY,1.99,Monthly,Mensuel,PAYPAL,dyoung@example.net,03/27
87,10.218.175.16,,tgraves@example.net,37,tgraves,tgraves@example.net,Tanya,Graves,37,3,2024-06-20T00:00:00.000-06:00,9999-01-01T00:00:00.000-06:00,ONETIME,14.99,Onetime,Une fois,MOBILE_PHONE_PLATFORM,GooglePay,12/25
92,192.168.93.245,,mray@example.org,38,mray,mray@example.org,Michele,Ray,38,2,2024-04-10T00:00:00.000-06:00,9999-01-01T00:00:00.000-06:00,ANNUALLY,9.99,Annually,Annuel,CREDIT_CARD,3555440774394341,02/25
95,10.198.59.142,kvillanueva,kvillanueva@example.net,39,kvillanueva,kvillanueva@example.net,Kevin,Villanueva,39,3,2024-01-05T00:00:00.000-06:00,9999-01-01T00:00:00.000-06:00,ONETIME,14.99,Onetime,Une fois,MOBILE_PHONE_PLATFORM,SamsungPay,01/27
96,192.168.46.70,npugh,npugh@example.net,40,npugh,npugh@example.net,Nicole,Pugh,40,1,2024-01-14T00:00:00.000-06:00,9999-01-01T00:00:00.000-06:00,MONTHLY,1.99,Monthly,Mensuel,MOBILE_PHONE_PLATFORM,SamsungPay,09/25
97,172.21.209.239,dyates,dyates@example.com,41,dyates,dyates@example.com,Dawn,Yates,41,1,2024-07-08T00:00:00.000-06:00,9999-01-01T00:00:00.000-06:00,MONTHLY,1.99,Monthly,Mensuel,MOBILE_PHONE_PLATFORM,SamsungPay,02/27
99,192.168.141.242,,jbradley@example.org,42,jbradley,jbradley@example.org,Julie,Bradley,42,1,2024-08-14T00:00:00.000-06:00,9999-01-01T00:00:00.000-06:00,MONTHLY,1.99,Monthly,Mensuel,MOBILE_PHONE_PLATFORM,SamsungPay,11/25
107,172.29.253.248,fwarren,fwarren@example.net,43,fwarren,fwarren@example.net,Fernando,Warren,43,1,2024-08-02T00:00:00.000-06:00,9999-01-01T00:00:00.000-06:00,MONTHLY,1.99,Monthly,Mensuel,PAYPAL,fwarren@example.net,05/26
112,10.237.74.244,iking,iking@example.net,44,iking,iking@example.net,Isaiah,King,44,1,2024-08-17T00:00:00.000-06:00,9999-01-01T00:00:00.000-06:00,MONTHLY,1.99,Monthly,Mensuel,MOBILE_PHONE_PLATFORM,SamsungPay,12/26
114,192.168.65.95,klivingston,klivingston@example.net,45,klivingston,klivingston@example.net,Kurt,Livingston,45,2,2024-01-12T00:00:00.000-06:00,9999-01-01T00:00:00.000-06:00,ANNUALLY,9.99,Annually,Annuel,CREDIT_CARD,30460491259727,06/26
121,172.18.239.118,mlittle,mlittle@example.com,46,mlittle,mlittle@example.com,Mikayla,Little,46,2,2024-09-23T00:00:00.000-06:00,9999-01-01T00:00:00.000-06:00,ANNUALLY,9.99,Annually,Annuel,MOBILE_PHONE_PLATFORM,SamsungPay,03/26
123,172.21.26.34,sgarza,sgarza@example.net,47,sgarza,sgarza@example.net,Sheri,Garza,47,3,2024-11-08T00:00:00.000-06:00,9999-01-01T00:00:00.000-06:00,ONETIME,14.99,Onetime,Une fois,MOBILE_PHONE_PLATFORM,SamsungPay,05/26
124,172.16.112.104,,rpatrick@example.org,48,rpatrick,rpatrick@example.org,Roger,Patrick,48,3,2024-07-26T00:00:00.000-06:00,9999-01-01T00:00:00.000-06:00,ONETIME,14.99,Onetime,Une fois,MOBILE_PHONE_PLATFORM,ApplePay,12/26
125,10.177.91.59,,rwright@example.net,49,rwright,rwright@example.net,Russell,Wright,49,1,2024-05-31T00:00:00.000-06:00,9999-01-01T00:00:00.000-06:00,MONTHLY,1.99,Monthly,Mensuel,MOBILE_PHONE_PLATFORM,GooglePay,01/27
127,192.168.6.109,,gconrad@example.com,50,gconrad,gconrad@example.com,Glenn,Conrad,50,2,2024-04-06T00:00:00.000-06:00,9999-01-01T00:00:00.000-06:00,ANNUALLY,9.99,Annually,Annuel,MOBILE_PHONE_PLATFORM,ApplePay,07/26
128,10.235.247.52,,tchambers@example.com,51,tchambers,tchambers@example.com,Tiffany,Chambers,51,2,2024-07-24T00:00:00.000-06:00,9999-01-01T00:00:00.000-06:00,ANNUALLY,9.99,Annually,Annuel,MOBILE_PHONE_PLATFORM,ApplePay,03/25
129,172.25.135.154,showard,showard@example.org,52,showard,showard@example.org,Sarah,Howard,52,2,2024-06-19T00:00:00.000-06:00,9999-01-01T00:00:00.000-06:00,ANNUALLY,9.99,Annually,Annuel,PAYPAL,showard@example.org,10/25
130,192.168.149.134,mbowman,mbowman@example.org,53,mbowman,mbowman@example.org,Martin,Bowman,53,2,2024-05-14T00:00:00.000-06:00,9999-01-01T00:00:00.000-06:00,ANNUALLY,9.99,Annually,Annuel,PAYPAL,mbowman@example.org,11/26
131,10.122.251.232,amorgan,amorgan@example.com,54,amorgan,amorgan@example.com,Ashley,Morgan,54,3,2024-03-30T00:00:00.000-06:00,9999-01-01T00:00:00.000-06:00,ONETIME,14.99,Onetime,Une fois,MOBILE_PHONE_PLATFORM,GooglePay,01/26
133,172.23.1.145,baustin,baustin@example.org,55,baustin,baustin@example.org,Bailey,Austin,55,1,2024-03-29T00:00:00.000-06:00,9999-01-01T00:00:00.000-06:00,MONTHLY,1.99,Monthly,Mensuel,MOBILE_PHONE_PLATFORM,SamsungPay,03/26
134,172.16.223.213,,sho@example.com,56,sho,sho@example.com,Sandra,Ho,56,1,2024-11-28T00:00:00.000-06:00,9999-01-01T00:00:00.000-06:00,MONTHLY,1.99,Monthly,Mensuel,MOBILE_PHONE_PLATFORM,SamsungPay,11/25
135,192.168.50.171,bmorton,bmorton@example.org,57,bmorton,bmorton@example.org,Bryan,Morton,57,1,2024-06-01T00:00:00.000-06:00,9999-01-01T00:00:00.000-06:00,MONTHLY,1.99,Monthly,Mensuel,MOBILE_PHONE_PLATFORM,SamsungPay,04/25
138,10.64.70.182,lreyes,lreyes@example.net,58,lreyes,lreyes@example.net,Larry,Reyes,58,3,2024-05-28T00:00:00.000-06:00,2024-11-17T00:00:00.000-06:00,ONETIME,14.99,Onetime,Une fois,MOBILE_PHONE_PLATFORM,ApplePay,12/25
139,172.25.229.159,,vrivera@example.com,59,vrivera,vrivera@example.com,Vincent,Rivera,59,2,2024-07-05T00:00:00.000-06:00,9999-01-01T00:00:00.000-06:00,ANNUALLY,9.99,Annually,Annuel,MOBILE_PHONE_PLATFORM,ApplePay,08/26
142,192.168.59.140,,mmaddox@example.net,60,mmaddox,mmaddox@example.net,Mike,Maddox,60,1,2024-03-01T00:00:00.000-06:00,9999-01-01T00:00:00.000-06:00,MONTHLY,1.99,Monthly,Mensuel,MOBILE_PHONE_PLATFORM,ApplePay,03/26
144,172.29.143.74,,mlutz@example.com,61,mlutz,mlutz@example.com,Manuel,Lutz,61,1,2024-06-07T00:00:00.000-06:00,9999-01-01T00:00:00.000-06:00,MONTHLY,1.99,Monthly,Mensuel,MOBILE_PHONE_PLATFORM,ApplePay,03/26
146,172.24.198.167,,kbrooks@example.net,62,kbrooks,kbrooks@example.net,Kimberly,Brooks,62,2,2024-01-31T00:00:00.000-06:00,9999-01-01T00:00:00.000-06:00,ANNUALLY,9.99,Annually,Annuel,PAYPAL,kbrooks@example.net,10/26
148,172.16.248.3,ereese,ereese@example.net,63,ereese,ereese@example.net,Erika,Reese,63,2,2024-11-03T00:00:00.000-06:00,9999-01-01T00:00:00.000-06:00,ANNUALLY,9.99,Annually,Annuel,CREDIT_CARD,4362469914374575,09/25
151,192.168.73.205,,cschwartz@example.org,64,cschwartz,cschwartz@example.org,Carol,Schwartz,64,2,2024-02-17T00:00:00.000-06:00,9999-01-01T00:00:00.000-06:00,ANNUALLY,9.99,Annually,Annuel,MOBILE_PHONE_PLATFORM,SamsungPay,10/26
152,192.168.147.21,nperez,nperez@example.org,65,nperez,nperez@example.org,Nathan,Perez,65,3,2024-01-07T00:00:00.000-06:00,2024-12-06T00:00:00.000-06:00,ONETIME,14.99,Onetime,Une fois,MOBILE_PHONE_PLATFORM,GooglePay,01/25
153,10.29.61.28,cesparza,cesparza@example.org,66,cesparza,cesparza@example.org,Charles,Esparza,66,1,2024-09-19T00:00:00.000-06:00,9999-01-01T00:00:00.000-06:00,MONTHLY,1.99,Monthly,Mensuel,MOBILE_PHONE_PLATFORM,ApplePay,12/25
157,192.168.139.37,agibson,agibson@example.com,67,agibson,agibson@example.com,Aaron,Gibson,67,3,2024-01-07T00:00:00.000-06:00,9999-01-01T00:00:00.000-06:00,ONETIME,14.99,Onetime,Une fois,MOBILE_PHONE_PLATFORM,ApplePay,09/26
158,172.17.14.51,khess,khess@example.com,68,khess,khess@example.com,Kristina,Hess,68,1,2024-09-26T00:00:00.000-06:00,2024-11-04T00:00:00.000-06:00,MONTHLY,1.99,Monthly,Mensuel,MOBILE_PHONE_PLATFORM,SamsungPay,01/25
160,172.26.105.132,szimmerman,szimmerman@example.org,69,szimmerman,szimmerman@example.org,Shawn,Zimmerman,69,1,2024-05-27T00:00:00.000-06:00,2024-07-03T00:00:00.000-06:00,MONTHLY,1.99,Monthly,Mensuel,MOBILE_PHONE_PLATFORM,ApplePay,07/25
163,192.168.10.77,amccall,amccall@example.org,70,amccall,amccall@example.org,Austin,Mccall,70,3,2024-09-10T00:00:00.000-06:00,9999-01-01T00:00:00.000-06:00,ONETIME,14.99,Onetime,Une fois,MOBILE_PHONE_PLATFORM,GooglePay,12/25
166,172.26.30.22,lvaldez,lvaldez@example.org,71,lvaldez,lvaldez@example.org,Lynn,Valdez,71,1,2024-11-26T00:00:00.000-06:00,2024-12-05T00:00:00.000-06:00,MONTHLY,1.99,Monthly,Mensuel,MOBILE_PHONE_PLATFORM,SamsungPay,07/25
170,192.168.249.212,,cbautista@example.net,72,cbautista,cbautista@example.net,Crystal,Bautista,72,3,2024-08-04T00:00:00.000-06:00,9999-01-01T00:00:00.000-06:00,ONETIME,14.99,Onetime,Une fois,MOBILE_PHONE_PLATFORM,SamsungPay,11/25
171,172.28.97.140,mgonzalez,mgonzalez@example.org,73,mgonzalez,mgonzalez@example.org,Melody,Gonzalez,73,3,2024-02-03T00:00:00.000-06:00,9999-01-01T00:00:00.000-06:00,ONETIME,14.99,Onetime,Une fois,MOBILE_PHONE_PLATFORM,SamsungPay,07/26
174,172.29.209.66,,ksullivan@example.org,74,ksullivan,ksullivan@example.org,Kendra,Sullivan,74,1,2024-11-25T00:00:00.000-06:00,9999-01-01T00:00:00.000-06:00,MONTHLY,1.99,Monthly,Mensuel,PAYPAL,ksullivan@example.org,04/25
177,172.19.119.95,,shurst@example.net,75,shurst,shurst@example.net,Stephen,Hurst,75,1,2024-04-21T00:00:00.000-06:00,9999-01-01T00:00:00.000-06:00,MONTHLY,1.99,Monthly,Mensuel,MOBILE_PHONE_PLATFORM,ApplePay,11/26
178,172.24.35.45,,acunningham@example.net,76,acunningham,acunningham@example.net,Abigail,Cunningham,76,2,2024-05-31T00:00:00.000-06:00,9999-01-01T00:00:00.000-06:00,ANNUALLY,9.99,Annually,Annuel,PAYPAL,acunningham@example.net,09/25
180,10.65.156.77,,wmcmillan@example.com,77,wmcmillan,wmcmillan@example.com,William,Mcmillan,77,1,2024-07-20T00:00:00.000-06:00,9999-01-01T00:00:00.000-06:00,MONTHLY,1.99,Monthly,Mensuel,MOBILE_PHONE_PLATFORM,SamsungPay,10/26
183,172.22.164.40,gwiggins,gwiggins@example.org,78,gwiggins,gwiggins@example.org,Gabriel,Wiggins,78,1,2024-03-12T00:00:00.000-06:00,9999-01-01T00:00:00.000-06:00,MONTHLY,1.99,Monthly,Mensuel,CREDIT_CARD,3521067634826245,03/27
184,192.168.200.42,,egould@example.org,79,egould,egould@example.org,Erin,Gould,79,1,2024-06-02T00:00:00.000-06:00,2024-09-06T00:00:00.000-06:00,MONTHLY,1.99,Monthly,Mensuel,MOBILE_PHONE_PLATFORM,GooglePay,02/25
185,192.168.54.21,bwells,bwells@example.org,80,bwells,bwells@example.org,Brandon,Wells,80,3,2024-09-27T00:00:00.000-06:00,2024-10-21T00:00:00.000-06:00,ONETIME,14.99,Onetime,Une fois,MOBILE_PHONE_PLATFORM,ApplePay,06/26
194,172.16.153.106,reaton,reaton@example.com,81,reaton,reaton@example.com,Randy,Eaton,81,3,2024-10-31T00:00:00.000-06:00,9999-01-01T00:00:00.000-06:00,ONETIME,14.99,Onetime,Une fois,MOBILE_PHONE_PLATFORM,GooglePay,12/25
199,192.168.175.158,,abarrett@example.org,82,abarrett,abarrett@example.org,Alexis,Barrett,82,3,2024-11-24T00:00:00.000-06:00,9999-01-01T00:00:00.000-06:00,ONETIME,14.99,Onetime,Une fois,MOBILE_PHONE_PLATFORM,ApplePay,04/25
200,192.168.234.103,salexander,salexander@example.net,83,salexander,salexander@example.net,Stacey,Alexander,83,3,2024-05-29T00:00:00.000-06:00,9999-01-01T00:00:00.000-06:00,ONETIME,14.99,Onetime,Une fois,CREDIT_CARD,560613784704,12/26
202,10.23.121.71,llopez,llopez@example.org,84,llopez,llopez@example.org,Luke,Lopez,84,2,2024-11-04T00:00:00.000-06:00,9999-01-01T00:00:00.000-06:00,ANNUALLY,9.99,Annually,Annuel,PAYPAL,llopez@example.org,06/26
204,192.168.78.243,pestes,pestes@example.com,85,pestes,pestes@example.com,Peter,Estes,85,2,2024-01-20T00:00:00.000-06:00,2024-09-09T00:00:00.000-06:00,ANNUALLY,9.99,Annually,Annuel,MOBILE_PHONE_PLATFORM,GooglePay,12/25
209,192.168.33.9,amclaughlin,amclaughlin@example.com,86,amclaughlin,amclaughlin@example.com,Alicia,Mclaughlin,86,1,2024-08-16T00:00:00.000-06:00,9999-01-01T00:00:00.000-06:00,MONTHLY,1.99,Monthly,Mensuel,MOBILE_PHONE_PLATFORM,SamsungPay,02/26
211,192.168.43.5,,mgordon@example.net,87,mgordon,mgordon@example.net,Monica,Gordon,87,2,2024-09-01T00:00:00.000-06:00,2024-10-25T00:00:00.000-06:00,ANNUALLY,9.99,Annually,Annuel,CREDIT_CARD,2253465037887689,08/26
213,192.168.30.115,,gbryant@example.org,88,gbryant,gbryant@example.org,George,Bryant,88,2,2024-07-22T00:00:00.000-06:00,9999-01-01T00:00:00.000-06:00,ANNUALLY,9.99,Annually,Annuel,CREDIT_CARD,4939739119183920,09/25
216,172.22.72.217,jhooper,jhooper@example.net,89,jhooper,jhooper@example.net,Jeffery,Hooper,89,1,2024-02-26T00:00:00.000-06:00,9999-01-01T00:00:00.000-06:00,MONTHLY,1.99,Monthly,Mensuel,PAYPAL,jhooper@example.net,07/26
218,192.168.123.54,aschultz,aschultz@example.org,90,aschultz,aschultz@example.org,Anita,Schultz,90,3,2024-08-16T00:00:00.000-06:00,9999-01-01T00:00:00.000-06:00,ONETIME,14.99,Onetime,Une fois,PAYPAL,aschultz@example.org,01/27
221,10.78.228.213,jenglish,jenglish@example.org,91,jenglish,jenglish@example.org,Jacqueline,English,91,3,2024-10-31T00:00:00.000-06:00,9999-01-01T00:00:00.000-06:00,ONETIME,14.99,Onetime,Une fois,PAYPAL,jenglish@example.org,09/26
223,192.168.38.20,jbecker,jbecker@example.net,92,jbecker,jbecker@example.net,Jillian,Becker,92,2,2024-02-20T00:00:00.000-06:00,9999-01-01T00:00:00.000-06:00,ANNUALLY,9.99,Annually,Annuel,PAYPAL,jbecker@example.net,09/26
230,192.168.77.236,tsims,tsims@example.net,93,tsims,tsims@example.net,Theresa,Sims,93,1,2024-01-31T00:00:00.000-06:00,9999-01-01T00:00:00.000-06:00,MONTHLY,1.99,Monthly,Mensuel,PAYPAL,tsims@example.net,10/25
232,10.217.19.58,croy,croy@example.org,94,croy,croy@example.org,Cory,Roy,94,2,2024-04-03T00:00:00.000-06:00,9999-01-01T00:00:00.000-06:00,ANNUALLY,9.99,Annually,Annuel,PAYPAL,croy@example.org,09/26
233,172.24.245.230,,gpena@example.com,95,gpena,gpena@example.com,Gary,Pena,95,2,2024-11-01T00:00:00.000-06:00,9999-01-01T00:00:00.000-06:00,ANNUALLY,9.99,Annually,Annuel,MOBILE_PHONE_PLATFORM,SamsungPay,06/25
235,192.168.138.74,,boliver@example.net,96,boliver,boliver@example.net,Blake,Oliver,96,3,2024-02-05T00:00:00.000-06:00,9999-01-01T00:00:00.000-06:00,ONETIME,14.99,Onetime,Une fois,MOBILE_PHONE_PLATFORM,SamsungPay,04/26
237,192.168.242.5,,bhutchinson@example.net,97,bhutchinson,bhutchinson@example.net,Brenda,Hutchinson,97,2,2024-03-29T00:00:00.000-06:00,9999-01-01T00:00:00.000-06:00,ANNUALLY,9.99,Annually,Annuel,MOBILE_PHONE_PLATFORM,ApplePay,02/27
240,10.182.247.84,,amoran@example.net,98,amoran,amoran@example.net,Amber,Moran,98,3,2024-08-10T00:00:00.000-06:00,9999-01-01T00:00:00.000-06:00,ONETIME,14.99,Onetime,Une fois,MOBILE_PHONE_PLATFORM,ApplePay,08/26
241,10.137.157.151,hclark,hclark@example.org,99,hclark,hclark@example.org,Harold,Clark,99,3,2024-03-11T00:00:00.000-06:00,2024-05-27T00:00:00.000-06:00,ONETIME,14.99,Onetime,Une fois,PAYPAL,hclark@example.org,03/25
242,10.121.109.88,cstone,cstone@example.com,100,cstone,cstone@example.com,Cheyenne,Stone,100,1,2024-03-30T00:00:00.000-06:00,9999-01-01T00:00:00.000-06:00,MONTHLY,1.99,Monthly,Mensuel,MOBILE_PHONE_PLATFORM,SamsungPay,01/26
244,192.168.212.123,mbeck,mbeck@example.net,101,mbeck,mbeck@example.net,Melanie,Beck,101,2,2024-04-21T00:00:00.000-06:00,2024-10-19T00:00:00.000-06:00,ANNUALLY,9.99,Annually,Annuel,CREDIT_CARD,4312801308917398,11/25
245,192.168.20.84,rholt,rholt@example.net,102,rholt,rholt@example.net,Rebecca,Holt,102,2,2024-06-04T00:00:00.000-06:00,9999-01-01T00:00:00.000-06:00,ANNUALLY,9.99,Annually,Annuel,MOBILE_PHONE_PLATFORM,SamsungPay,10/25
246,192.168.158.97,lcantu,lcantu@example.net,103,lcantu,lcantu@example.net,Lorraine,Cantu,103,3,2024-05-08T00:00:00.000-06:00,9999-01-01T00:00:00.000-06:00,ONETIME,14.99,Onetime,Une fois,MOBILE_PHONE_PLATFORM,SamsungPay,10/26
247,192.168.200.99,staylor,staylor@example.com,104,staylor,staylor@example.com,Sharon,Taylor,104,3,2024-08-14T00:00:00.000-06:00,2024-08-25T00:00:00.000-06:00,ONETIME,14.99,Onetime,Une fois,MOBILE_PHONE_PLATFORM,GooglePay,03/27
251,192.168.194.115,kfigueroa,kfigueroa@example.com,105,kfigueroa,kfigueroa@example.com,Krista,Figueroa,105,1,2024-12-28T00:00:00.000-06:00,9999-01-01T00:00:00.000-06:00,MONTHLY,1.99,Monthly,Mensuel,MOBILE_PHONE_PLATFORM,ApplePay,09/25
255,172.29.215.223,arose,arose@example.org,106,arose,arose@example.org,Alan,Rose,106,3,2024-03-02T00:00:00.000-06:00,9999-01-01T00:00:00.000-06:00,ONETIME,14.99,Onetime,Une fois,CREDIT_CARD,6520248142029001,01/26
256,10.250.203.139,danderson,danderson@example.org,107,danderson,danderson@example.org,Donna,Anderson,107,2,2024-01-17T00:00:00.000-06:00,9999-01-01T00:00:00.000-06:00,ANNUALLY,9.99,Annually,Annuel,MOBILE_PHONE_PLATFORM,GooglePay,05/25
258,172.23.235.165,hglass,hglass@example.net,108,hglass,hglass@example.net,Heather,Glass,108,1,2024-10-16T00:00:00.000-06:00,9999-01-01T00:00:00.000-06:00,MONTHLY,1.99,Monthly,Mensuel,PAYPAL,hglass@example.net,07/26
259,172.31.84.142,jmaynard,jmaynard@example.net,109,jmaynard,jmaynard@example.net,Jordan,Maynard,109,1,2024-09-07T00:00:00.000-06:00,2024-09-17T00:00:00.000-06:00,MONTHLY,1.99,Monthly,Mensuel,PAYPAL,jmaynard@example.net,03/25
263,172.19.153.245,mramos,mramos@example.com,110,mramos,mramos@example.com,Marc,Ramos,110,2,2024-11-30T00:00:00.000-06:00,9999-01-01T00:00:00.000-06:00,ANNUALLY,9.99,Annually,Annuel,PAYPAL,mramos@example.com,03/26
264,10.192.255.240,,ehorton@example.org,111,ehorton,ehorton@example.org,Evelyn,Horton,111,2,2024-10-13T00:00:00.000-06:00,9999-01-01T00:00:00.000-06:00,ANNUALLY,9.99,Annually,Annuel,MOBILE_PHONE_PLATFORM,GooglePay,09/25
267,172.19.38.243,,fpollard@example.org,112,fpollard,fpollard@example.org,Felicia,Pollard,112,1,2024-06-10T00:00:00.000-06:00,9999-01-01T00:00:00.000-06:00,MONTHLY,1.99,Monthly,Mensuel,MOBILE_PHONE_PLATFORM,SamsungPay,08/26
270,10.24.89.231,anewman,anewman@example.org,113,anewman,anewman@example.org,Alison,Newman,113,2,2024-06-04T00:00:00.000-06:00,9999-01-01T00:00:00.000-06:00,ANNUALLY,9.99,Annually,Annuel,MOBILE_PHONE_PLATFORM,GooglePay,10/26
271,172.19.109.28,vhall,vhall@example.net,114,vhall,vhall@example.net,Virginia,Hall,114,2,2024-09-02T00:00:00.000-06:00,9999-01-01T00:00:00.000-06:00,ANNUALLY,9.99,Annually,Annuel,MOBILE_PHONE_PLATFORM,SamsungPay,05/25
275,192.168.185.14,tfoley,tfoley@example.org,115,tfoley,tfoley@example.org,Tammy,Foley,115,2,2024-02-03T00:00:00.000-06:00,9999-01-01T00:00:00.000-06:00,ANNUALLY,9.99,Annually,Annuel,MOBILE_PHONE_PLATFORM,SamsungPay,10/25
277,192.168.177.84,jcarter,jcarter@example.com,116,jcarter,jcarter@example.com,Jackie,Carter,116,3,2024-04-22T00:00:00.000-06:00,9999-01-01T00:00:00.000-06:00,ONETIME,14.99,Onetime,Une fois,MOBILE_PHONE_PLATFORM,SamsungPay,03/27
283,172.30.40.203,rsampson,rsampson@example.org,117,rsampson,rsampson@example.org,Randall,Sampson,117,3,2024-05-19T00:00:00.000-06:00,9999-01-01T00:00:00.000-06:00,ONETIME,14.99,Onetime,Une fois,MOBILE_PHONE_PLATFORM,ApplePay,02/27
284,192.168.19.14,lbaxter,lbaxter@example.net,118,lbaxter,lbaxter@example.net,Lori,Baxter,118,3,2024-02-02T00:00:00.000-06:00,9999-01-01T00:00:00.000-06:00,ONETIME,14.99,Onetime,Une fois,MOBILE_PHONE_PLATFORM,SamsungPay,01/27
285,192.168.176.87,,ddunn@example.com,119,ddunn,ddunn@example.com,Dean,Dunn,119,3,2024-09-14T00:00:00.000-06:00,9999-01-01T00:00:00.000-06:00,ONETIME,14.99,Onetime,Une fois,MOBILE_PHONE_PLATFORM,SamsungPay,02/27
287,192.168.194.44,,jduncan@example.org,120,jduncan,jduncan@example.org,Jeremiah,Duncan,120,1,2024-07-21T00:00:00.000-06:00,9999-01-01T00:00:00.000-06:00,MONTHLY,1.99,Monthly,Mensuel,PAYPAL,jduncan@example.org,06/26
288,192.168.189.31,isellers,isellers@example.com,121,isellers,isellers@example.com,Isaac,Sellers,121,2,2024-04-24T00:00:00.000-06:00,9999-01-01T00:00:00.000-06:00,ANNUALLY,9.99,Annually,Annuel,CREDIT_CARD,4404137369480664,03/26
291,10.7.32.63,,ckemp@example.net,122,ckemp,ckemp@example.net,Cameron,Kemp,122,2,2024-03-30T00:00:00.000-06:00,9999-01-01T00:00:00.000-06:00,ANNUALLY,9.99,Annually,Annuel,MOBILE_PHONE_PLATFORM,SamsungPay,06/25
297,10.163.2.215,thowell,thowell@example.com,123,thowell,thowell@example.com,Trevor,Howell,123,1,2024-03-09T00:00:00.000-06:00,9999-01-01T00:00:00.000-06:00,MONTHLY,1.99,Monthly,Mensuel,MOBILE_PHONE_PLATFORM,GooglePay,08/26
298,172.23.141.129,lsutton,lsutton@example.com,124,lsutton,lsutton@example.com,Logan,Sutton,124,3,2024-01-09T00:00:00.000-06:00,9999-01-01T00:00:00.000-06:00,ONETIME,14.99,Onetime,Une fois,MOBILE_PHONE_PLATFORM,ApplePay,01/27
300,10.62.118.15,,gchase@example.com,125,gchase,gchase@example.com,Gene,Chase,125,3,2024-04-08T00:00:00.000-06:00,9999-01-01T00:00:00.000-06:00,ONETIME,14.99,Onetime,Une fois,PAYPAL,gchase@example.com,02/25
301,172.27.235.136,,croth@example.org,126,croth,croth@example.org,Carolyn,Roth,126,1,2024-07-27T00:00:00.000-06:00,9999-01-01T00:00:00.000-06:00,MONTHLY,1.99,Monthly,Mensuel,MOBILE_PHONE_PLATFORM,SamsungPay,04/25
302,192.168.188.49,sfoster,sfoster@example.net,127,sfoster,sfoster@example.net,Sheila,Foster,127,3,2024-11-11T00:00:00.000-06:00,9999-01-01T00:00:00.000-06:00,ONETIME,14.99,Onetime,Une fois,MOBILE_PHONE_PLATFORM,GooglePay,10/26
303,172.27.25.38,wconley,wconley@example.net,128,wconley,wconley@example.net,Wayne,Conley,128,3,2024-10-29T00:00:00.000-06:00,9999-01-01T00:00:00.000-06:00,ONETIME,14.99,Onetime,Une fois,MOBILE_PHONE_PLATFORM,SamsungPay,08/25
304,192.168.109.101,dwade,dwade@example.net,129,dwade,dwade@example.net,Danny,Wade,129,3,2024-03-27T00:00:00.000-06:00,2024-11-05T00:00:00.000-06:00,ONETIME,14.99,Onetime,Une fois,PAYPAL,dwade@example.net,08/25
305,10.140.20.50,,anavarro@example.org,130,anavarro,anavarro@example.org,Andre,Navarro,130,1,2024-07-17T00:00:00.000-06:00,9999-01-01T00:00:00.000-06:00,MONTHLY,1.99,Monthly,Mensuel,MOBILE_PHONE_PLATFORM,GooglePay,04/26
315,172.16.183.195,,pvaughn@example.org,131,pvaughn,pvaughn@example.org,Pamela,Vaughn,131,1,2024-06-13T00:00:00.000-06:00,9999-01-01T00:00:00.000-06:00,MONTHLY,1.99,Monthly,Mensuel,MOBILE_PHONE_PLATFORM,ApplePay,09/26
316,10.221.177.173,jhancock,jhancock@example.com,132,jhancock,jhancock@example.com,Justin,Hancock,132,2,2024-02-25T00:00:00.000-06:00,9999-01-01T00:00:00.000-06:00,ANNUALLY,9.99,Annually,Annuel,MOBILE_PHONE_PLATFORM,GooglePay,02/27
323,192.168.244.96,kfarrell,kfarrell@example.com,133,kfarrell,kfarrell@example.com,Karina,Farrell,133,2,2024-10-05T00:00:00.000-06:00,9999-01-01T00:00:00.000-06:00,ANNUALLY,9.99,Annually,Annuel,MOBILE_PHONE_PLATFORM,GooglePay,10/26
325,192.168.109.225,wchurch,wchurch@example.net,134,wchurch,wchurch@example.net,Wanda,Church,134,3,2024-01-27T00:00:00.000-06:00,9999-01-01T00:00:00.000-06:00,ONETIME,14.99,Onetime,Une fois,MOBILE_PHONE_PLATFORM,GooglePay,02/25
329,172.19.109.155,sstafford,sstafford@example.org,135,sstafford,sstafford@example.org,Shelley,Stafford,135,1,2024-04-02T00:00:00.000-06:00,9999-01-01T00:00:00.000-06:00,MONTHLY,1.99,Monthly,Mensuel,MOBILE_PHONE_PLATFORM,SamsungPay,12/26
338,10.176.41.164,rmccoy,rmccoy@example.org,136,rmccoy,rmccoy@example.org,Robin,Mccoy,136,1,2024-05-15T00:00:00.000-06:00,9999-01-01T00:00:00.000-06:00,MONTHLY,1.99,Monthly,Mensuel,CREDIT_CARD,6011989042573467,09/26
340,10.63.230.69,fgates,fgates@example.net,137,fgates,fgates@example.net,Francisco,Gates,137,1,2024-05-25T00:00:00.000-06:00,9999-01-01T00:00:00.000-06:00,MONTHLY,1.99,Monthly,Mensuel,MOBILE_PHONE_PLATFORM,ApplePay,02/27
344,172.20.58.102,rpowers,rpowers@example.net,138,rpowers,rpowers@example.net,Raymond,Powers,138,1,2024-09-24T00:00:00.000-06:00,9999-01-01T00:00:00.000-06:00,MONTHLY,1.99,Monthly,Mensuel,MOBILE_PHONE_PLATFORM,GooglePay,11/26
346,10.151.69.100,,gliu@example.org,139,gliu,gliu@example.org,Gina,Liu,139,2,2024-05-28T00:00:00.000-06:00,9999-01-01T00:00:00.000-06:00,ANNUALLY,9.99,Annually,Annuel,MOBILE_PHONE_PLATFORM,GooglePay,06/26
349,10.79.230.98,,arangel@example.org,140,arangel,arangel@example.org,Amy,Rangel,140,1,2024-08-20T00:00:00.000-06:00,9999-01-01T00:00:00.000-06:00,MONTHLY,1.99,Monthly,Mensuel,MOBILE_PHONE_PLATFORM,GooglePay,10/26
352,10.119.11.18,arichard,arichard@example.net,141,arichard,arichard@example.net,Albert,Richard,141,2,2024-03-20T00:00:00.000-06:00,9999-01-01T00:00:00.000-06:00,ANNUALLY,9.99,Annually,Annuel,MOBILE_PHONE_PLATFORM,ApplePay,03/27
353,192.168.44.219,dguerra,dguerra@example.org,142,dguerra,dguerra@example.org,Doris,Guerra,142,2,2024-05-11T00:00:00.000-06:00,9999-01-01T00:00:00.000-06:00,ANNUALLY,9.99,Annually,Annuel,MOBILE_PHONE_PLATFORM,ApplePay,04/25
357,192.168.32.70,gdavidson,gdavidson@example.org,143,gdavidson,gdavidson@example.org,Grace,Davidson,143,3,2024-03-22T00:00:00.000-06:00,9999-01-01T00:00:00.000-06:00,ONETIME,14.99,Onetime,Une fois,MOBILE_PHONE_PLATFORM,SamsungPay,07/25
359,10.133.247.105,bbarnes,bbarnes@example.net,144,bbarnes,bbarnes@example.net,Brett,Barnes,144,1,2024-08-28T00:00:00.000-06:00,9999-01-01T00:00:00.000-06:00,MONTHLY,1.99,Monthly,Mensuel,PAYPAL,bbarnes@example.net,08/26
360,172.27.60.222,,aharding@example.com,145,aharding,aharding@example.com,Ashlee,Harding,145,2,2024-09-06T00:00:00.000-06:00,9999-01-01T00:00:00.000-06:00,ANNUALLY,9.99,Annually,Annuel,MOBILE_PHONE_PLATFORM,GooglePay,06/25
361,192.168.106.108,,gpatterson@example.org,146,gpatterson,gpatterson@example.org,Gilbert,Patterson,146,1,2024-07-06T00:00:00.000-06:00,2024-11-19T00:00:00.000-06:00,MONTHLY,1.99,Monthly,Mensuel,PAYPAL,gpatterson@example.org,11/26
363,10.198.120.199,mswanson,mswanson@example.org,147,mswanson,mswanson@example.org,Marco,Swanson,147,1,2024-08-12T00:00:00.000-06:00,9999-01-01T00:00:00.000-06:00,MONTHLY,1.99,Monthly,Mensuel,MOBILE_PHONE_PLATFORM,SamsungPay,11/25
365,192.168.248.27,kvilla,kvilla@example.net,148,kvilla,kvilla@example.net,Kristy,Villa,148,2,2024-11-13T00:00:00.000-06:00,9999-01-01T00:00:00.000-06:00,ANNUALLY,9.99,Annually,Annuel,MOBILE_PHONE_PLATFORM,GooglePay,11/26
367,10.134.105.9,mhammond,mhammond@example.net,149,mhammond,mhammond@example.net,Meredith,Hammond,149,1,2024-11-18T00:00:00.000-06:00,2024-12-26T00:00:00.000-06:00,MONTHLY,1.99,Monthly,Mensuel,PAYPAL,mhammond@example.net,06/25
375,10.35.181.195,,wwalsh@example.com,150,wwalsh,wwalsh@example.com,Wendy,Walsh,150,1,2024-05-16T00:00:00.000-06:00,2024-07-16T00:00:00.000-06:00,MONTHLY,1.99,Monthly,Mensuel,MOBILE_PHONE_PLATFORM,ApplePay,03/27
376,172.24.0.242,,epark@example.org,151,epark,epark@example.org,Eugene,Park,151,1,2024-01-03T00:00:00.000-06:00,9999-01-01T00:00:00.000-06:00,MONTHLY,1.99,Monthly,Mensuel,CREDIT_CARD,5436024679595366,07/26
378,192.168.31.104,ypitts,ypitts@example.com,152,ypitts,ypitts@example.com,Yolanda,Pitts,152,1,2024-02-05T00:00:00.000-06:00,9999-01-01T00:00:00.000-06:00,MONTHLY,1.99,Monthly,Mensuel,MOBILE_PHONE_PLATFORM,GooglePay,12/25
382,172.21.35.21,xhester,xhester@example.net,153,xhester,xhester@example.net,Xavier,Hester,153,2,2024-10-24T00:00:00.000-06:00,9999-01-01T00:00:00.000-06:00,ANNUALLY,9.99,Annually,Annuel,CREDIT_CARD,213117434161126,06/25
385,192.168.3.27,dcordova,dcordova@example.com,154,dcordova,dcordova@example.com,Drew,Cordova,154,3,2024-12-15T00:00:00.000-06:00,9999-01-01T00:00:00.000-06:00,ONETIME,14.99,Onetime,Une fois,PAYPAL,dcordova@example.com,02/27
391,172.26.199.82,,mbaird@example.net,155,mbaird,mbaird@example.net,Margaret,Baird,155,1,2024-12-19T00:00:00.000-06:00,9999-01-01T00:00:00.000-06:00,MONTHLY,1.99,Monthly,Mensuel,MOBILE_PHONE_PLATFORM,GooglePay,01/27
395,10.129.26.250,cmorrison,cmorrison@example.net,156,cmorrison,cmorrison@example.net,Colin,Morrison,156,1,2024-09-14T00:00:00.000-06:00,2024-09-26T00:00:00.000-06:00,MONTHLY,1.99,Monthly,Mensuel,MOBILE_PHONE_PLATFORM,ApplePay,12/26
396,10.81.56.40,,vfuller@example.net,157,vfuller,vfuller@example.net,Victor,Fuller,157,2,2024-07-15T00:00:00.000-06:00,9999-01-01T00:00:00.000-06:00,ANNUALLY,9.99,Annually,Annuel,MOBILE_PHONE_PLATFORM,ApplePay,05/25
401,192.168.225.226,,ldeleon@example.com,158,ldeleon,ldeleon@example.com,Leah,Deleon,158,3,2024-10-15T00:00:00.000-06:00,9999-01-01T00:00:00.000-06:00,ONETIME,14.99,Onetime,Une fois,PAYPAL,ldeleon@example.com,07/26
404,192.168.73.23,swillis,swillis@example.com,159,swillis,swillis@example.com,Sherry,Willis,159,1,2024-06-12T00:00:00.000-06:00,9999-01-01T00:00:00.000-06:00,MONTHLY,1.99,Monthly,Mensuel,MOBILE_PHONE_PLATFORM,GooglePay,03/26
409,172.26.48.71,,cmcmahon@example.com,160,cmcmahon,cmcmahon@example.com,Colleen,Mcmahon,160,3,2024-02-21T00:00:00.000-06:00,9999-01-01T00:00:00.000-06:00,ONETIME,14.99,Onetime,Une fois,MOBILE_PHONE_PLATFORM,SamsungPay,12/26
412,172.27.207.80,,dkeller@example.com,161,dkeller,dkeller@example.com,Dillon,Keller,161,1,2024-07-01T00:00:00.000-06:00,9999-01-01T00:00:00.000-06:00,MONTHLY,1.99,Monthly,Mensuel,CREDIT_CARD,2238142979970316,09/26
416,10.167.81.0,rreed,rreed@example.org,162,rreed,rreed@example.org,Reginald,Reed,162,1,2024-04-06T00:00:00.000-06:00,9999-01-01T00:00:00.000-06:00,MONTHLY,1.99,Monthly,Mensuel,MOBILE_PHONE_PLATFORM,ApplePay,01/27
418,10.162.149.64,ccross,ccross@example.org,163,ccross,ccross@example.org,Casey,Cross,163,2,2024-03-16T00:00:00.000-06:00,9999-01-01T00:00:00.000-06:00,ANNUALLY,9.99,Annually,Annuel,PAYPAL,ccross@example.org,09/26
419,172.22.75.229,rspence,rspence@example.com,164,rspence,rspence@example.com,Regina,Spence,164,3,2024-06-13T00:00:00.000-06:00,9999-01-01T00:00:00.000-06:00,ONETIME,14.99,Onetime,Une fois,MOBILE_PHONE_PLATFORM,GooglePay,08/26
421,192.168.123.177,dhatfield,dhatfield@example.org,165,dhatfield,dhatfield@example.org,Dennis,Hatfield,165,1,2024-02-25T00:00:00.000-06:00,9999-01-01T00:00:00.000-06:00,MONTHLY,1.99,Monthly,Mensuel,MOBILE_PHONE_PLATFORM,ApplePay,01/25
423,10.161.21.126,,smonroe@example.net,166,smonroe,smonroe@example.net,Shelly,Monroe,166,2,2024-01-27T00:00:00.000-06:00,9999-01-01T00:00:00.000-06:00,ANNUALLY,9.99,Annually,Annuel,MOBILE_PHONE_PLATFORM,GooglePay,10/25
428,172.29.39.47,,tschaefer@example.net,167,tschaefer,tschaefer@example.net,Tanner,Schaefer,167,2,2024-11-15T00:00:00.000-06:00,9999-01-01T00:00:00.000-06:00,ANNUALLY,9.99,Annually,Annuel,MOBILE_PHONE_PLATFORM,ApplePay,03/25
429,192.168.73.80,,jhinton@example.org,168,jhinton,jhinton@example.org,Jeanne,Hinton,168,1,2024-07-14T00:00:00.000-06:00,2024-10-14T00:00:00.000-06:00,MONTHLY,1.99,Monthly,Mensuel,PAYPAL,jhinton@example.org,05/26
430,10.97.158.72,,tfisher@example.org,169,tfisher,tfisher@example.org,Troy,Fisher,169,1,2024-04-23T00:00:00.000-06:00,2024-07-20T00:00:00.000-06:00,MONTHLY,1.99,Monthly,Mensuel,MOBILE_PHONE_PLATFORM,SamsungPay,03/26
432,10.191.119.231,edouglas,edouglas@example.org,170,edouglas,edouglas@example.org,Ellen,Douglas,170,2,2024-10-23T00:00:00.000-06:00,9999-01-01T00:00:00.000-06:00,ANNUALLY,9.99,Annually,Annuel,CREDIT_CARD,6011583145117296,04/26
434,10.86.238.154,strujillo,strujillo@example.net,171,strujillo,strujillo@example.net,Stacie,Trujillo,171,3,2024-09-18T00:00:00.000-06:00,2024-11-24T00:00:00.000-06:00,ONETIME,14.99,Onetime,Une fois,MOBILE_PHONE_PLATFORM,ApplePay,08/25
435,192.168.93.212,,kbarton@example.com,172,kbarton,kbarton@example.com,Katelyn,Barton,172,1,2024-12-27T00:00:00.000-06:00,9999-01-01T00:00:00.000-06:00,MONTHLY,1.99,Monthly,Mensuel,MOBILE_PHONE_PLATFORM,ApplePay,01/27
437,192.168.241.152,dharper,dharper@example.net,173,dharper,dharper@example.net,Debbie,Harper,173,1,2024-02-04T00:00:00.000-06:00,9999-01-01T00:00:00.000-06:00,MONTHLY,1.99,Monthly,Mensuel,MOBILE_PHONE_PLATFORM,SamsungPay,04/25
438,10.140.222.206,rshields,rshields@example.net,174,rshields,rshields@example.net,Ronnie,Shields,174,2,2024-12-10T00:00:00.000-06:00,9999-01-01T00:00:00.000-06:00,ANNUALLY,9.99,Annually,Annuel,PAYPAL,rshields@example.net,10/25
439,192.168.136.135,,pcarr@example.com,175,pcarr,pcarr@example.com,Peggy,Carr,175,3,2024-07-07T00:00:00.000-06:00,9999-01-01T00:00:00.000-06:00,ONETIME,14.99,Onetime,Une fois,MOBILE_PHONE_PLATFORM,GooglePay,09/26
442,10.2.245.27,,lmurillo@example.com,176,lmurillo,lmurillo@example.com,Lindsay,Murillo,176,2,2024-01-10T00:00:00.000-06:00,9999-01-01T00:00:00.000-06:00,ANNUALLY,9.99,Annually,Annuel,CREDIT_CARD,4350407368235983116,10/25
444,172.26.54.118,sbonilla,sbonilla@example.org,177,sbonilla,sbonilla@example.org,Stefanie,Bonilla,177,2,2024-03-23T00:00:00.000-06:00,9999-01-01T00:00:00.000-06:00,ANNUALLY,9.99,Annually,Annuel,MOBILE_PHONE_PLATFORM,SamsungPay,01/25
445,10.166.48.124,cmiranda,cmiranda@example.net,178,cmiranda,cmiranda@example.net,Caroline,Miranda,178,2,2024-02-18T00:00:00.000-06:00,9999-01-01T00:00:00.000-06:00,ANNUALLY,9.99,Annually,Annuel,MOBILE_PHONE_PLATFORM,GooglePay,05/26
446,10.30.199.17,dtodd,dtodd@example.org,179,dtodd,dtodd@example.org,Duane,Todd,179,2,2024-07-19T00:00:00.000-06:00,2024-07-29T00:00:00.000-06:00,ANNUALLY,9.99,Annually,Annuel,MOBILE_PHONE_PLATFORM,SamsungPay,07/26
449,10.70.68.39,,scurry@example.org,180,scurry,scurry@example.org,Shelby,Curry,180,2,2024-05-29T00:00:00.000-06:00,9999-01-01T00:00:00.000-06:00,ANNUALLY,9.99,Annually,Annuel,MOBILE_PHONE_PLATFORM,SamsungPay,07/26
455,172.25.13.30,gsingleton,gsingleton@example.org,181,gsingleton,gsingleton@example.org,Greg,Singleton,181,3,2024-10-28T00:00:00.000-06:00,9999-01-01T00:00:00.000-06:00,ONETIME,14.99,Onetime,Une fois,MOBILE_PHONE_PLATFORM,SamsungPay,10/26
456,10.243.130.184,,janthony@example.org,182,janthony,janthony@example.org,Jo,Anthony,182,2,2024-08-18T00:00:00.000-06:00,2024-12-14T00:00:00.000-06:00,ANNUALLY,9.99,Annually,Annuel,MOBILE_PHONE_PLATFORM,GooglePay,02/25
461,10.163.53.148,,lgarrett@example.org,183,lgarrett,lgarrett@example.org,Lee,Garrett,183,3,2024-06-11T00:00:00.000-06:00,9999-01-01T00:00:00.000-06:00,ONETIME,14.99,Onetime,Une fois,MOBILE_PHONE_PLATFORM,ApplePay,11/26
464,192.168.91.65,nduran,nduran@example.com,184,nduran,nduran@example.com,Natalie,Duran,184,3,2024-06-08T00:00:00.000-06:00,9999-01-01T00:00:00.000-06:00,ONETIME,14.99,Onetime,Une fois,MOBILE_PHONE_PLATFORM,SamsungPay,07/25
466,172.30.45.125,,khuff@example.net,185,khuff,khuff@example.net,Kara,Huff,185,1,2024-12-07T00:00:00.000-06:00,9999-01-01T00:00:00.000-06:00,MONTHLY,1.99,Monthly,Mensuel,PAYPAL,khuff@example.net,09/26
469,10.36.173.98,jhudson,jhudson@example.com,186,jhudson,jhudson@example.com,Jon,Hudson,186,1,2024-08-02T00:00:00.000-06:00,9999-01-01T00:00:00.000-06:00,MONTHLY,1.99,Monthly,Mensuel,MOBILE_PHONE_PLATFORM,SamsungPay,10/26
472,172.22.11.214,,npineda@example.org,187,npineda,npineda@example.org,Norma,Pineda,187,1,2024-12-03T00:00:00.000-06:00,9999-01-01T00:00:00.000-06:00,MONTHLY,1.99,Monthly,Mensuel,MOBILE_PHONE_PLATFORM,ApplePay,05/26
474,172.30.209.16,jobrien,jobrien@example.com,188,jobrien,jobrien@example.com,Jack,Obrien,188,1,2024-02-06T00:00:00.000-06:00,9999-01-01T00:00:00.000-06:00,MONTHLY,1.99,Monthly,Mensuel,PAYPAL,jobrien@example.com,06/25
475,10.150.219.157,mglenn,mglenn@example.org,189,mglenn,mglenn@example.org,Mariah,Glenn,189,3,2024-05-10T00:00:00.000-06:00,9999-01-01T00:00:00.000-06:00,ONETIME,14.99,Onetime,Une fois,MOBILE_PHONE_PLATFORM,SamsungPay,07/25
477,10.82.59.192,,cbush@example.com,190,cbush,cbush@example.com,Cathy,Bush,190,1,2024-08-07T00:00:00.000-06:00,9999-01-01T00:00:00.000-06:00,MONTHLY,1.99,Monthly,Mensuel,MOBILE_PHONE_PLATFORM,SamsungPay,11/26
479,10.22.13.104,,dday@example.org,191,dday,dday@example.org,Dorothy,Day,191,3,2024-10-07T00:00:00.000-06:00,2024-11-29T00:00:00.000-06:00,ONETIME,14.99,Onetime,Une fois,MOBILE_PHONE_PLATFORM,ApplePay,03/25
484,10.157.59.183,,mfrey@example.org,192,mfrey,mfrey@example.org,Malik,Frey,192,2,2024-11-12T00:00:00.000-06:00,9999-01-01T00:00:00.000-06:00,ANNUALLY,9.99,Annually,Annuel,CREDIT_CARD,213141601439834,06/25
485,10.200.55.105,bpoole,bpoole@example.com,193,bpoole,bpoole@example.com,Brianna,Poole,193,2,2024-12-06T00:00:00.000-06:00,9999-01-01T00:00:00.000-06:00,ANNUALLY,9.99,Annually,Annuel,MOBILE_PHONE_PLATFORM,ApplePay,03/25
486,172.25.241.100,rcummings,rcummings@example.com,194,rcummings,rcummings@example.com,Rachael,Cummings,194,1,2024-09-13T00:00:00.000-06:00,2024-09-29T00:00:00.000-06:00,MONTHLY,1.99,Monthly,Mensuel,PAYPAL,rcummings@example.com,10/25
487,172.28.153.79,dbolton,dbolton@example.com,195,dbolton,dbolton@example.com,Darryl,Bolton,195,1,2024-06-02T00:00:00.000-06:00,9999-01-01T00:00:00.000-06:00,MONTHLY,1.99,Monthly,Mensuel,MOBILE_PHONE_PLATFORM,ApplePay,04/25
492,172.29.218.247,lnewton,lnewton@example.com,196,lnewton,lnewton@example.com,Lucas,Newton,196,2,2024-02-18T00:00:00.000-06:00,9999-01-01T00:00:00.000-06:00,ANNUALLY,9.99,Annually,Annuel,MOBILE_PHONE_PLATFORM,ApplePay,05/25
496,172.24.146.105,,tflynn@example.net,197,tflynn,tflynn@example.net,Tim,Flynn,197,3,2024-10-08T00:00:00.000-06:00,9999-01-01T00:00:00.000-06:00,ONETIME,14.99,Onetime,Une fois,MOBILE_PHONE_PLATFORM,ApplePay,07/26
498,10.101.141.192,cwu,cwu@example.com,198,cwu,cwu@example.com,Cole,Wu,198,3,2024-02-07T00:00:00.000-06:00,9999-01-01T00:00:00.000-06:00,ONETIME,14.99,Onetime,Une fois,PAYPAL,cwu@example.com,04/25
499,172.25.151.137,egaines,egaines@example.com,199,egaines,egaines@example.com,Edgar,Gaines,199,1,2024-05-19T00:00:00.000-06:00,9999-01-01T00:00:00.000-06:00,MONTHLY,1.99,Monthly,Mensuel,MOBILE_PHONE_PLATFORM,ApplePay,02/27
